,number of pieces,number of blocks,average branching facotr,depth of search tree,relative error,runtime(in ms),space used(in MB),preprocess time(in ms)
0,1.0,0.0,2.125,3.0,1.0,109.8109,8053.0,69.3417
1,1.0,0.0,1.375,6.0,2.0,114.2931,8053.0,73.5568
2,1.0,0.0,2.5,3.0,1.0,110.2006,8053.0,68.5784
3,1.0,0.0,1.9090909090909092,4.0,1.0,116.6033,8053.0,68.8536
4,1.0,0.0,2.5,3.0,1.0,113.4398,8053.0,70.3211
5,1.0,0.0,1.2258064516129032,7.0,3.0,123.2602,8053.0,69.1519
6,1.0,0.0,1.3846153846153846,7.0,3.0,123.9271,8053.0,69.0733
7,1.0,0.0,1.4782608695652173,6.0,2.0,119.7836,8053.0,70.7403
8,1.0,0.0,1.9090909090909092,4.0,1.0,112.3877,8053.0,68.903
9,1.0,0.0,4.0,1.0,0.0,112.265,8053.0,69.6511
10,1.0,0.0,3.0,2.0,0.0,112.2896,8053.0,69.0925
11,1.0,0.0,1.625,5.0,2.0,115.4852,8053.0,69.56
12,1.0,0.0,1.44,6.0,2.0,115.2301,8053.0,70.8446
13,1.0,0.0,1.7272727272727273,4.0,1.0,126.7652,8053.0,83.7031
14,1.0,0.0,5.0,1.0,0.0,139.9803,8053.0,78.1167
15,1.0,0.0,1.3333333333333333,7.0,3.0,124.9573,8053.0,82.5278
16,1.0,0.0,1.6428571428571428,5.0,2.0,115.8158,8053.0,81.7702
17,1.0,0.0,2.0,3.0,1.0,119.9934,8053.0,74.733
18,1.0,0.0,1.6111111111111112,6.0,2.0,139.8183,8053.0,93.4856
19,1.0,0.0,1.9411764705882353,5.0,2.0,147.6868,8053.0,81.97
20,1.0,0.0,1.7272727272727273,4.0,1.0,151.5393,8053.0,95.3633
21,1.0,0.0,1.8125,5.0,2.0,109.0258,8053.0,71.0328
22,1.0,0.0,1.8571428571428572,4.0,1.0,136.2685,8053.0,93.1986
23,1.0,0.0,1.8461538461538463,4.0,1.0,137.3972,8053.0,74.5909
24,1.0,0.0,1.3846153846153846,7.0,3.0,111.9939,8053.0,69.8952
25,1.0,0.0,2.0,3.0,1.0,105.0857,8053.0,68.8123
26,1.0,0.0,2.125,3.0,1.0,107.2507,8053.0,69.4134
27,1.0,0.0,4.0,1.0,0.0,106.4886,8053.0,70.3249
28,1.0,0.0,1.8666666666666667,5.0,2.0,109.8698,8053.0,68.2622
29,1.0,0.0,1.6111111111111112,6.0,2.0,111.2075,8053.0,68.1851
30,1.0,1.0,5.0,1.0,0.0,108.2811,8053.0,67.8447
31,1.0,1.0,1.6428571428571428,5.0,2.0,109.8834,8053.0,70.2128
32,1.0,1.0,1.7142857142857142,5.0,2.0,107.4181,8053.0,69.2123
33,1.0,1.0,1.6875,5.0,2.0,138.5943,8053.0,75.0445
34,1.0,1.0,3.0,2.0,0.0,117.6883,8053.0,72.3129
35,1.0,1.0,2.142857142857143,3.0,1.0,129.9135,8053.0,100.0799
36,1.0,1.0,1.2692307692307692,6.0,2.0,113.8963,8053.0,69.8553
37,1.0,1.0,2.5,3.0,1.0,108.4236,8053.0,86.0425
38,1.0,1.0,5.0,1.0,0.0,106.4887,8053.0,73.8277
39,1.0,1.0,3.0,2.0,0.0,108.4989,8053.0,74.9241
40,1.0,1.0,1.8571428571428572,4.0,1.0,133.2436,8053.0,81.333
41,1.0,1.0,1.4782608695652173,6.0,2.0,160.199,8053.0,68.612
42,1.0,1.0,2.5555555555555554,4.0,1.0,110.8476,8053.0,70.4506
43,1.0,1.0,2.6666666666666665,2.0,0.0,106.4804,8053.0,69.135
44,1.0,1.0,1.7272727272727273,4.0,1.0,107.1134,8053.0,67.0949
45,1.0,1.0,1.55,6.0,2.0,134.6017,8053.0,70.5872
46,1.0,1.0,3.0,2.0,0.0,116.4368,8053.0,68.4338
47,1.0,1.0,1.6111111111111112,6.0,2.0,158.8686,8053.0,106.2866
48,1.0,1.0,2.090909090909091,4.0,1.0,152.6732,8053.0,84.5188
49,1.0,1.0,2.125,3.0,1.0,121.81,8053.0,87.5366
50,1.0,1.0,1.9,4.0,1.0,130.7582,8053.0,115.8128
51,1.0,1.0,2.0,3.0,1.0,135.0877,8053.0,88.4316
52,1.0,1.0,1.1935483870967742,7.0,3.0,136.5973,8053.0,76.0198
53,1.0,1.0,2.5,3.0,1.0,183.0293,8053.0,71.426
54,1.0,1.0,2.076923076923077,5.0,1.0,118.8754,8053.0,73.6047
55,1.0,1.0,1.6363636363636365,5.0,1.0,119.7041,8053.0,86.0785
56,1.0,1.0,1.6842105263157894,6.0,2.0,114.289,8053.0,70.7494
57,1.0,1.0,1.9090909090909092,4.0,1.0,109.1134,8053.0,71.8001
58,1.0,1.0,4.0,1.0,0.0,111.0517,8053.0,68.8097
59,1.0,1.0,1.9166666666666667,4.0,1.0,110.5284,8053.0,68.758
60,1.0,2.0,1.6875,6.0,2.0,110.5633,8053.0,70.2822
61,1.0,2.0,2.5,3.0,1.0,105.8789,8053.0,67.8534
62,1.0,2.0,2.0,4.0,1.0,111.0051,8053.0,67.6592
63,1.0,2.0,1.5333333333333334,5.0,1.0,112.6897,8053.0,70.4484
64,1.0,2.0,2.0,3.0,1.0,108.0057,8053.0,71.7523
65,1.0,2.0,2.2,4.0,1.0,106.9097,8053.0,71.791
66,1.0,2.0,2.0,4.0,0.0,106.4855,8053.0,70.8235
67,1.0,2.0,1.7058823529411764,5.0,2.0,107.3996,8053.0,68.0211
68,1.0,2.0,2.1666666666666665,3.0,1.0,108.8273,8053.0,68.5924
69,1.0,2.0,4.0,1.0,0.0,105.1794,8053.0,68.873
70,1.0,2.0,2.2857142857142856,3.0,1.0,108.7939,8053.0,67.8367
71,1.0,2.0,2.142857142857143,4.0,1.0,108.7302,8053.0,68.1371
72,1.0,2.0,4.0,1.0,0.0,103.0429,8053.0,66.9815
73,1.0,2.0,5.0,1.0,0.0,102.9002,8053.0,69.9296
74,1.0,2.0,2.3,4.0,1.0,107.3365,8053.0,86.2867
75,1.0,2.0,3.0,2.0,0.0,106.3398,8053.0,70.4811
76,1.0,2.0,1.9090909090909092,4.0,1.0,108.0386,8053.0,68.1797
77,1.0,2.0,2.2,3.0,1.0,108.342,8053.0,68.4183
78,1.0,2.0,1.1935483870967742,7.0,3.0,116.1826,8053.0,67.8592
79,1.0,2.0,2.6666666666666665,2.0,0.0,106.6567,8053.0,70.2635
80,1.0,2.0,1.5909090909090908,6.0,2.0,114.084,8053.0,69.6265
81,1.0,2.0,1.3076923076923077,6.0,2.0,112.2054,8053.0,68.0002
82,1.0,2.0,2.142857142857143,4.0,1.0,107.9782,8053.0,69.661
83,1.0,2.0,1.8571428571428572,4.0,1.0,107.6279,8053.0,72.7861
84,1.0,2.0,5.0,1.0,0.0,108.392,8053.0,70.8894
85,1.0,2.0,1.8181818181818181,4.0,1.0,106.2987,8053.0,69.8256
86,1.0,2.0,1.1612903225806452,7.0,3.0,111.5328,8053.0,71.8723
87,1.0,2.0,2.5714285714285716,3.0,1.0,111.7339,8053.0,68.9283
88,1.0,2.0,1.7142857142857142,5.0,1.0,122.4682,8053.0,80.1454
89,1.0,2.0,1.8181818181818181,4.0,1.0,109.2758,8053.0,72.3997
90,1.0,3.0,2.0,4.0,1.0,115.6879,8053.0,69.5151
91,1.0,3.0,1.8,5.0,2.0,112.2372,8053.0,69.5177
92,1.0,3.0,3.5,2.0,0.0,109.1139,8053.0,70.6352
93,1.0,3.0,2.6666666666666665,2.0,0.0,108.6214,8053.0,69.2398
94,1.0,3.0,2.0,3.0,1.0,109.4525,8053.0,71.6316
95,1.0,3.0,1.6875,6.0,2.0,108.1644,8053.0,74.5443
96,1.0,3.0,3.0,2.0,0.0,102.4895,8053.0,71.3023
97,1.0,3.0,2.4545454545454546,4.0,1.0,109.744,8053.0,75.3178
98,1.0,3.0,2.2857142857142856,3.0,1.0,109.0907,8053.0,70.1107
99,1.0,3.0,1.4782608695652173,6.0,2.0,114.4195,8053.0,69.603
100,1.0,3.0,2.0,4.0,1.0,108.5836,8053.0,68.1005
101,1.0,3.0,2.0,3.0,1.0,108.3298,8053.0,70.4115
102,1.0,3.0,2.2,3.0,1.0,112.0574,8053.0,71.3648
103,1.0,3.0,1.3076923076923077,7.0,3.0,116.3426,8053.0,73.6203
104,1.0,3.0,4.0,1.0,0.0,107.7575,8053.0,67.495
105,1.0,3.0,1.7333333333333334,5.0,1.0,111.3432,8053.0,70.8413
106,1.0,3.0,1.7272727272727273,4.0,1.0,108.741,8053.0,75.5732
107,1.0,3.0,2.857142857142857,4.0,0.0,109.0475,8053.0,76.7256
108,1.0,3.0,2.6666666666666665,2.0,0.0,101.1551,8053.0,67.3164
109,1.0,3.0,1.6,5.0,2.0,112.1151,8053.0,68.2565
110,1.0,3.0,1.8235294117647058,5.0,1.0,125.0856,8053.0,93.2738
111,1.0,3.0,3.5,3.0,0.0,106.9405,8053.0,71.1776
112,1.0,3.0,1.6,5.0,1.0,115.8818,8053.0,70.4768
113,1.0,3.0,5.0,1.0,0.0,109.6512,8053.0,68.6566
114,1.0,3.0,1.619047619047619,6.0,2.0,112.161,8053.0,67.3064
115,1.0,3.0,1.6428571428571428,5.0,2.0,114.6453,8053.0,67.2352
116,1.0,3.0,1.75,5.0,2.0,110.5733,8053.0,83.3622
117,1.0,3.0,5.0,1.0,0.0,113.988,8053.0,76.5397
118,1.0,3.0,3.75,3.0,0.0,125.9339,8053.0,73.5777
119,1.0,3.0,2.125,3.0,1.0,133.965,8053.0,80.4373
120,1.0,4.0,3.0,2.0,0.0,112.402,8053.0,70.7974
121,1.0,4.0,1.5625,6.0,2.0,114.7701,8053.0,71.232
122,1.0,4.0,2.0714285714285716,5.0,1.0,113.2866,8053.0,71.0998
123,1.0,4.0,1.619047619047619,5.0,2.0,114.1532,8053.0,74.9135
124,1.0,4.0,2.2,3.0,1.0,110.5924,8053.0,71.5626
125,1.0,4.0,4.0,1.0,0.0,108.3295,8053.0,72.4188
126,1.0,4.0,2.5,3.0,1.0,111.7704,8053.0,68.5619
127,1.0,4.0,1.6363636363636365,4.0,1.0,112.0672,8053.0,77.3848
128,1.0,4.0,1.65,6.0,2.0,125.1463,8053.0,77.5666
129,1.0,4.0,5.0,1.0,0.0,120.0926,8053.0,96.3522
130,1.0,4.0,3.0,2.0,0.0,120.6427,8053.0,104.1013
131,1.0,4.0,5.0,1.0,0.0,110.1305,8053.0,69.3926
132,1.0,4.0,3.5,3.0,0.0,102.3629,8053.0,70.3126
133,1.0,4.0,2.1666666666666665,3.0,1.0,107.9194,8053.0,68.0247
134,1.0,4.0,5.0,2.0,0.0,107.382,8053.0,79.9046
135,1.0,4.0,1.8571428571428572,4.0,1.0,123.8694,8053.0,73.5872
136,1.0,4.0,3.0,2.0,0.0,112.0922,8053.0,98.1934
137,1.0,4.0,2.5,5.0,1.0,159.1087,8053.0,82.3689
138,1.0,4.0,1.6363636363636365,4.0,1.0,138.9883,8053.0,87.0316
139,1.0,4.0,2.2,5.0,1.0,139.133,8053.0,105.3875
140,1.0,4.0,1.8461538461538463,5.0,1.0,113.1979,8053.0,70.9825
141,1.0,4.0,1.4705882352941178,5.0,2.0,112.2418,8053.0,71.1402
142,1.0,4.0,3.0,2.0,0.0,104.9317,8053.0,73.1623
143,1.0,4.0,3.0,3.0,0.0,105.6121,8053.0,72.0922
144,1.0,4.0,1.32,6.0,2.0,132.8875,8053.0,74.217
145,1.0,4.0,2.142857142857143,5.0,2.0,126.9358,8053.0,83.8192
146,1.0,4.0,1.9333333333333333,5.0,1.0,111.0106,8053.0,68.6725
147,1.0,4.0,2.6666666666666665,2.0,0.0,106.6308,8053.0,69.336
148,1.0,4.0,1.5384615384615385,5.0,2.0,109.8186,8053.0,68.9611
149,1.0,4.0,4.0,1.0,0.0,106.7711,8053.0,68.555
150,1.0,5.0,2.5,3.0,1.0,128.4528,8053.0,68.9415
151,1.0,5.0,2.4444444444444446,4.0,1.0,115.8754,8053.0,69.5541
152,1.0,5.0,1.7333333333333334,5.0,2.0,111.2645,8053.0,72.8788
153,1.0,5.0,2.0,5.0,1.0,124.048,8053.0,81.1542
154,1.0,5.0,1.5,6.0,2.0,124.6878,8053.0,72.8048
155,1.0,5.0,2.3333333333333335,3.0,1.0,130.0245,8053.0,73.6084
156,1.0,5.0,2.6,3.0,0.0,143.77,8053.0,116.2663
157,1.0,5.0,2.6666666666666665,2.0,0.0,160.7557,8053.0,77.9145
158,1.0,5.0,2.090909090909091,4.0,1.0,118.6338,8053.0,71.1154
159,1.0,5.0,1.7647058823529411,6.0,2.0,117.9179,8053.0,75.8934
160,1.0,5.0,1.8571428571428572,4.0,1.0,123.0139,8053.0,74.48
161,1.0,5.0,2.25,3.0,1.0,112.2667,8053.0,72.8007
162,1.0,5.0,5.0,1.0,0.0,113.3901,8053.0,70.5891
163,1.0,5.0,1.6111111111111112,6.0,2.0,126.0109,8053.0,73.6633
164,1.0,5.0,5.0,1.0,0.0,111.0238,8053.0,71.5528
165,1.0,5.0,1.5454545454545454,5.0,2.0,109.6716,8053.0,84.3432
166,1.0,5.0,1.6666666666666667,6.0,2.0,113.3909,8053.0,68.8314
167,1.0,5.0,3.0,2.0,0.0,112.3746,8053.0,69.0253
168,1.0,5.0,1.7647058823529411,5.0,2.0,114.966,8053.0,67.983
169,1.0,5.0,3.3333333333333335,4.0,0.0,107.4498,8053.0,71.6442
170,1.0,5.0,2.75,3.0,0.0,104.7858,8053.0,70.4299
171,1.0,5.0,3.0,2.0,0.0,106.0962,8053.0,73.1561
172,1.0,5.0,3.0,2.0,0.0,105.5354,8053.0,69.6263
173,1.0,5.0,2.8,3.0,0.0,128.9458,8053.0,70.1792
174,1.0,5.0,2.5,3.0,0.0,125.676,8053.0,80.2151
175,1.0,5.0,2.6666666666666665,2.0,0.0,124.1659,8053.0,77.074
176,1.0,5.0,4.0,1.0,0.0,144.6564,8053.0,87.6941
177,1.0,5.0,3.5,3.0,0.0,111.7636,8053.0,82.5908
178,1.0,5.0,3.0,3.0,1.0,150.4086,8053.0,92.2227
179,1.0,5.0,2.2,3.0,1.0,115.0948,8053.0,85.4113
180,1.0,6.0,3.0,3.0,0.0,125.8645,8053.0,78.784
181,1.0,6.0,1.6470588235294117,6.0,2.0,126.9161,8053.0,80.7763
182,1.0,6.0,2.4444444444444446,5.0,0.0,113.4469,8053.0,75.786
183,1.0,6.0,1.8333333333333333,5.0,2.0,111.8052,8053.0,69.0763
184,1.0,6.0,1.5238095238095237,6.0,2.0,115.065,8053.0,72.0153
185,1.0,6.0,1.9090909090909092,4.0,1.0,111.9167,8053.0,70.2016
186,1.0,6.0,1.6470588235294117,5.0,1.0,114.2771,8053.0,69.9796
187,1.0,6.0,3.0,2.0,0.0,108.2729,8053.0,68.1721
188,1.0,6.0,4.0,4.0,0.0,111.2292,8053.0,72.7342
189,1.0,6.0,3.0,3.0,0.0,112.7415,8053.0,69.625
190,1.0,6.0,1.8461538461538463,5.0,2.0,115.8386,8053.0,69.3273
191,1.0,6.0,1.6666666666666667,5.0,1.0,116.9762,8053.0,68.6228
192,1.0,6.0,2.6,3.0,0.0,112.1025,8053.0,68.3368
193,1.0,6.0,2.1666666666666665,3.0,1.0,112.5493,8053.0,66.8666
194,1.0,6.0,2.25,3.0,1.0,108.5941,8053.0,72.3855
195,1.0,6.0,2.0,4.0,1.0,110.33,8053.0,71.1966
196,1.0,6.0,2.2,4.0,1.0,110.7611,8053.0,69.5696
197,1.0,6.0,2.2222222222222223,4.0,1.0,111.6646,8053.0,71.7809
198,1.0,6.0,1.6428571428571428,5.0,1.0,112.5484,8053.0,69.1644
199,1.0,6.0,1.7857142857142858,5.0,2.0,111.8766,8053.0,70.4211
200,1.0,6.0,5.0,1.0,0.0,110.7317,8053.0,70.0985
201,1.0,6.0,4.0,1.0,0.0,132.4676,8053.0,68.6813
202,1.0,6.0,2.1666666666666665,5.0,2.0,114.4488,8053.0,67.4573
203,1.0,6.0,2.142857142857143,4.0,1.0,112.7817,8053.0,69.0504
204,1.0,6.0,2.3333333333333335,4.0,0.0,111.9953,8053.0,69.0665
205,1.0,6.0,1.8125,5.0,2.0,114.6854,8053.0,69.0386
206,1.0,6.0,3.0,2.0,0.0,112.9008,8053.0,72.9983
207,1.0,6.0,4.5,2.0,0.0,110.2558,8053.0,71.3657
208,1.0,6.0,4.0,1.0,0.0,108.6599,8053.0,71.6328
209,1.0,6.0,1.9166666666666667,5.0,1.0,113.1123,8053.0,69.9845
210,1.0,7.0,1.875,4.0,1.0,111.4287,8053.0,70.1467
211,1.0,7.0,2.3333333333333335,4.0,1.0,112.5043,8053.0,67.8262
212,1.0,7.0,1.75,5.0,2.0,115.8698,8053.0,72.3273
213,1.0,7.0,1.4736842105263157,6.0,1.0,124.5823,8053.0,71.4692
214,1.0,7.0,1.7,5.0,1.0,119.1048,8053.0,70.1268
215,1.0,7.0,2.2857142857142856,3.0,1.0,126.8202,8053.0,69.633
216,1.0,7.0,2.3333333333333335,5.0,1.0,113.3838,8053.0,68.2597
217,1.0,7.0,3.0,2.0,0.0,122.2349,8053.0,66.941
218,1.0,7.0,3.2,3.0,0.0,106.9135,8053.0,95.6899
219,1.0,7.0,2.625,4.0,1.0,108.4683,8053.0,70.0571
220,1.0,7.0,3.0,4.0,0.0,107.8594,8053.0,69.9762
221,1.0,7.0,2.142857142857143,3.0,1.0,152.2012,8053.0,69.9184
222,1.0,7.0,2.0,4.0,1.0,111.5517,8053.0,71.7616
223,1.0,7.0,1.5333333333333334,6.0,1.0,116.5198,8053.0,69.9103
224,1.0,7.0,1.2,6.0,2.0,108.9297,8053.0,70.207
225,1.0,7.0,1.1481481481481481,6.0,2.0,113.605,8053.0,69.2701
226,1.0,7.0,5.0,1.0,0.0,106.3769,8053.0,72.2143
227,1.0,7.0,1.8888888888888888,4.0,1.0,106.6643,8053.0,70.7499
228,1.0,7.0,2.111111111111111,5.0,0.0,107.1034,8053.0,69.3658
229,1.0,7.0,1.391304347826087,6.0,2.0,111.0218,8053.0,68.2006
230,1.0,7.0,3.0,2.0,0.0,107.0014,8053.0,67.9003
231,1.0,7.0,2.25,3.0,1.0,105.2864,8053.0,67.8793
232,1.0,7.0,2.2222222222222223,4.0,1.0,107.3436,8053.0,68.3826
233,1.0,7.0,3.0,2.0,0.0,102.6807,8053.0,70.9149
234,1.0,7.0,1.6363636363636365,4.0,1.0,106.6652,8053.0,68.3558
235,1.0,7.0,4.0,1.0,0.0,102.1985,8053.0,67.0559
236,1.0,7.0,1.9166666666666667,5.0,2.0,108.6258,8053.0,66.9816
237,1.0,7.0,4.0,1.0,0.0,108.7041,8053.0,76.0252
238,1.0,7.0,1.7777777777777777,4.0,1.0,109.0126,8053.0,65.4477
239,1.0,7.0,2.6,3.0,0.0,109.1273,8053.0,71.7848
240,1.0,8.0,2.4,3.0,0.0,105.3239,8053.0,68.3347
241,1.0,8.0,2.4285714285714284,4.0,1.0,114.6887,8053.0,69.3517
242,1.0,8.0,1.75,5.0,1.0,119.7292,8053.0,77.4556
243,1.0,8.0,2.1666666666666665,4.0,0.0,129.6058,8053.0,79.8119
244,1.0,8.0,2.1666666666666665,4.0,1.0,114.2325,8053.0,70.7349
245,1.0,8.0,2.272727272727273,5.0,1.0,107.3864,8053.0,70.8446
246,1.0,8.0,3.0,2.0,0.0,105.8203,8053.0,70.8027
247,1.0,8.0,4.0,3.0,0.0,103.2911,8053.0,66.6968
248,1.0,8.0,4.25,4.0,0.0,114.5542,8053.0,70.0465
249,1.0,8.0,3.0,2.0,0.0,103.9897,8053.0,70.7014
250,1.0,8.0,1.8181818181818181,5.0,1.0,108.4207,8053.0,70.1636
251,1.0,8.0,2.0,4.0,1.0,107.1986,8053.0,69.3883
252,1.0,8.0,2.2222222222222223,4.0,1.0,134.4636,8053.0,74.4924
253,1.0,8.0,2.0,5.0,1.0,108.1086,8053.0,68.4105
254,1.0,8.0,2.6666666666666665,2.0,0.0,123.7165,8053.0,69.7519
255,1.0,8.0,2.6666666666666665,2.0,0.0,103.5584,8053.0,72.7473
256,1.0,8.0,1.875,4.0,1.0,104.5109,8053.0,71.8251
257,1.0,8.0,1.2,7.0,3.0,113.998,8053.0,70.0383
258,1.0,8.0,3.5,3.0,0.0,104.647,8053.0,76.0169
259,1.0,8.0,1.9166666666666667,5.0,2.0,111.7492,8053.0,76.0189
260,1.0,8.0,2.1666666666666665,4.0,1.0,108.5778,8053.0,68.8972
261,1.0,8.0,1.8,5.0,1.0,113.5232,8053.0,71.0913
262,1.0,8.0,4.0,1.0,0.0,111.8118,8053.0,67.7952
263,1.0,8.0,3.0,2.0,0.0,108.5844,8053.0,73.265
264,1.0,8.0,4.0,1.0,0.0,107.2924,8053.0,72.4353
265,1.0,8.0,3.0,3.0,0.0,116.4723,8053.0,69.8303
266,1.0,8.0,4.0,1.0,0.0,108.7616,8053.0,74.2592
267,1.0,8.0,2.0,4.0,0.0,107.9556,8053.0,75.9056
268,1.0,8.0,1.9166666666666667,5.0,1.0,108.8454,8053.0,73.5643
269,1.0,8.0,5.0,1.0,0.0,118.6536,8053.0,83.8749
270,1.0,9.0,2.5,4.0,1.0,130.8305,8053.0,78.4755
271,1.0,9.0,1.8461538461538463,5.0,1.0,129.4042,8053.0,99.2763
272,1.0,9.0,2.0,3.0,1.0,133.0902,8053.0,75.9776
273,1.0,9.0,2.0,4.0,1.0,110.1472,8053.0,73.2918
274,1.0,9.0,3.0,2.0,0.0,103.5379,8053.0,71.459
275,1.0,9.0,1.6428571428571428,5.0,2.0,106.9262,8053.0,70.6348
276,1.0,9.0,1.5454545454545454,5.0,2.0,111.2244,8053.0,71.3326
277,1.0,9.0,3.5,3.0,0.0,104.3955,8053.0,72.1116
278,1.0,9.0,1.9090909090909092,5.0,1.0,116.0444,8053.0,82.3081
279,1.0,9.0,3.0,2.0,0.0,107.8841,8053.0,70.2328
280,1.0,9.0,1.875,4.0,1.0,110.547,8053.0,66.4767
281,1.0,9.0,4.0,1.0,0.0,107.072,8053.0,68.5723
282,1.0,9.0,2.142857142857143,4.0,1.0,108.8543,8053.0,69.4445
283,1.0,9.0,4.0,1.0,0.0,101.5795,8053.0,81.2881
284,1.0,9.0,2.3333333333333335,5.0,1.0,137.0462,8053.0,66.8586
285,1.0,9.0,3.0,2.0,0.0,101.298,8053.0,69.5255
286,1.0,9.0,2.2857142857142856,3.0,1.0,142.011,8053.0,73.8728
287,1.0,9.0,2.125,5.0,1.0,109.9821,8053.0,74.0626
288,1.0,9.0,1.8666666666666667,5.0,1.0,115.0956,8053.0,72.0195
289,1.0,9.0,5.0,1.0,0.0,136.9671,8053.0,90.5742
290,1.0,9.0,3.0,3.0,1.0,107.6397,8053.0,70.5942
291,1.0,9.0,2.75,3.0,0.0,111.6733,8053.0,72.3217
292,1.0,9.0,2.625,4.0,0.0,107.1043,8053.0,70.9564
293,1.0,9.0,3.25,3.0,0.0,106.6667,8053.0,69.3322
294,1.0,9.0,2.6666666666666665,3.0,0.0,127.7567,8053.0,74.0218
295,1.0,9.0,2.142857142857143,3.0,0.0,110.7918,8053.0,69.8653
296,1.0,9.0,2.5,3.0,1.0,113.4642,8053.0,76.1273
297,1.0,9.0,1.7857142857142858,5.0,2.0,118.3304,8053.0,80.1703
298,1.0,9.0,4.0,1.0,0.0,131.2094,8053.0,67.9908
299,1.0,9.0,2.4,4.0,1.0,110.0489,8053.0,67.2899
300,1.0,10.0,2.125,4.0,1.0,110.8902,8053.0,104.5793
301,1.0,10.0,1.4285714285714286,5.0,1.0,116.0986,8053.0,74.2594
302,1.0,10.0,2.5714285714285716,4.0,0.0,112.3527,8053.0,72.2854
303,1.0,10.0,2.0,5.0,1.0,112.2485,8053.0,71.6739
304,1.0,10.0,5.0,1.0,0.0,114.0002,8053.0,71.1421
305,1.0,10.0,2.6,3.0,0.0,110.0328,8053.0,71.8672
306,1.0,10.0,4.0,1.0,0.0,103.5757,8053.0,116.9914
307,1.0,10.0,3.5,2.0,0.0,118.9291,8053.0,73.3171
308,1.0,10.0,3.0,3.0,0.0,112.5464,8053.0,88.2309
309,1.0,10.0,2.0,3.0,1.0,120.1129,8053.0,89.5883
310,1.0,10.0,2.7142857142857144,4.0,0.0,130.5053,8053.0,71.3382
311,1.0,10.0,2.0,5.0,1.0,133.6864,8053.0,66.4001
312,1.0,10.0,2.6666666666666665,2.0,0.0,108.1225,8053.0,68.0687
313,1.0,10.0,1.7692307692307692,5.0,1.0,115.624,8053.0,74.7926
314,1.0,10.0,5.0,1.0,0.0,105.6746,8053.0,72.4107
315,1.0,10.0,3.0,4.0,0.0,106.1815,8053.0,71.293
316,1.0,10.0,1.411764705882353,6.0,2.0,111.8185,8053.0,70.6038
317,1.0,10.0,1.4444444444444444,6.0,2.0,111.0131,8053.0,70.733
318,1.0,10.0,3.5,4.0,0.0,111.2127,8053.0,70.7378
319,1.0,10.0,1.5333333333333334,5.0,1.0,113.8808,8053.0,67.7389
320,1.0,10.0,3.6666666666666665,3.0,0.0,125.1483,8053.0,83.9219
321,1.0,10.0,2.8,4.0,0.0,108.543,8053.0,68.2239
322,1.0,10.0,4.5,2.0,0.0,109.5152,8053.0,95.0397
323,1.0,10.0,3.0,2.0,0.0,150.6541,8053.0,79.9766
324,1.0,10.0,1.8181818181818181,4.0,1.0,115.7625,8053.0,70.6072
325,1.0,10.0,1.5555555555555556,4.0,1.0,110.6436,8053.0,69.9493
326,1.0,10.0,4.0,2.0,0.0,108.7474,8053.0,73.0993
327,1.0,10.0,2.3333333333333335,5.0,1.0,107.2194,8053.0,69.318
328,1.0,10.0,2.5,2.0,0.0,107.199,8053.0,67.8279
329,1.0,10.0,1.8461538461538463,5.0,2.0,109.5668,8053.0,84.2404
330,1.0,11.0,2.1666666666666665,4.0,0.0,111.6607,8053.0,76.1823
331,1.0,11.0,1.5333333333333334,5.0,1.0,112.7702,8053.0,73.1546
332,1.0,11.0,2.090909090909091,5.0,1.0,108.7671,8053.0,77.4955
333,1.0,11.0,2.5,2.0,0.0,110.9274,8053.0,70.2183
334,1.0,11.0,2.1666666666666665,4.0,0.0,114.2873,8053.0,70.5719
335,1.0,11.0,2.0,5.0,1.0,107.9473,8053.0,70.6813
336,1.0,11.0,2.3333333333333335,3.0,0.0,107.3942,8053.0,70.3671
337,1.0,11.0,2.6666666666666665,3.0,1.0,111.0405,8053.0,70.0857
338,1.0,11.0,2.1666666666666665,5.0,1.0,113.0996,8053.0,69.1212
339,1.0,11.0,4.0,1.0,0.0,104.36,8053.0,69.2802
340,1.0,11.0,2.6,3.0,1.0,132.5982,8053.0,77.365
341,1.0,11.0,1.8333333333333333,5.0,2.0,133.1797,8053.0,70.7912
342,1.0,11.0,1.35,6.0,2.0,112.3283,8053.0,70.5052
343,1.0,11.0,1.25,6.0,2.0,110.0887,8053.0,71.431
344,1.0,11.0,2.625,4.0,1.0,107.4178,8053.0,74.5727
345,1.0,11.0,4.0,1.0,0.0,109.3606,8053.0,73.4534
346,1.0,11.0,3.0,3.0,0.0,104.9875,8053.0,71.286
347,1.0,11.0,2.5,3.0,0.0,105.3196,8053.0,67.0263
348,1.0,11.0,3.0,3.0,0.0,104.8584,8053.0,68.7189
349,1.0,11.0,2.4,4.0,1.0,109.5731,8053.0,68.07
350,1.0,11.0,1.8,6.0,1.0,109.4453,8053.0,82.4282
351,1.0,11.0,1.6,5.0,1.0,129.2614,8053.0,68.0216
352,1.0,11.0,3.5,2.0,0.0,117.4748,8053.0,71.092
353,1.0,11.0,3.5,2.0,0.0,113.9041,8053.0,71.9201
354,1.0,11.0,2.4,3.0,1.0,109.302,8053.0,72.0445
355,1.0,11.0,2.75,3.0,1.0,107.3569,8053.0,71.5568
356,1.0,11.0,2.75,3.0,0.0,104.817,8053.0,71.8825
357,1.0,11.0,2.5714285714285716,4.0,0.0,106.837,8053.0,71.2673
358,1.0,11.0,4.0,1.0,0.0,128.0554,8053.0,88.6657
359,1.0,11.0,3.0,4.0,1.0,110.0798,8053.0,71.409
360,1.0,12.0,4.0,1.0,0.0,108.0882,8053.0,73.5257
361,1.0,12.0,1.1304347826086956,6.0,2.0,117.7962,8053.0,79.2071
362,1.0,12.0,2.0,4.0,1.0,134.4638,8053.0,71.5563
363,1.0,12.0,1.3157894736842106,6.0,2.0,107.5747,8053.0,66.845
364,1.0,12.0,1.6153846153846154,6.0,1.0,122.0799,8053.0,72.4515
365,1.0,12.0,2.3333333333333335,4.0,1.0,115.3809,8053.0,70.0608
366,1.0,12.0,2.5,3.0,0.0,110.4204,8053.0,70.3765
367,1.0,12.0,2.2,5.0,1.0,106.2885,8053.0,69.2012
368,1.0,12.0,2.6,3.0,0.0,113.4417,8053.0,68.0371
369,1.0,12.0,3.0,3.0,1.0,114.6397,8053.0,70.8399
370,1.0,12.0,4.0,3.0,0.0,108.6446,8053.0,68.9895
371,1.0,12.0,2.2857142857142856,3.0,1.0,104.0151,8053.0,70.5461
372,1.0,12.0,3.0,3.0,1.0,109.4222,8053.0,68.6306
373,1.0,12.0,1.8461538461538463,5.0,1.0,109.3293,8053.0,69.6118
374,1.0,12.0,2.111111111111111,5.0,1.0,104.1463,8053.0,69.1432
375,1.0,12.0,3.0,2.0,0.0,112.8331,8053.0,67.9746
376,1.0,12.0,1.5,6.0,1.0,147.0234,8053.0,66.7482
377,1.0,12.0,2.6666666666666665,2.0,0.0,106.829,8053.0,68.8226
378,1.0,12.0,1.8333333333333333,4.0,1.0,114.2169,8053.0,69.2434
379,1.0,12.0,2.6666666666666665,3.0,0.0,114.4855,8053.0,69.3325
380,1.0,12.0,2.6,3.0,0.0,107.9156,8053.0,70.473
381,1.0,12.0,2.0,3.0,1.0,111.0777,8053.0,68.4406
382,1.0,12.0,2.1666666666666665,4.0,1.0,109.1611,8053.0,71.4445
383,1.0,12.0,4.0,1.0,0.0,104.2722,8053.0,71.1631
384,1.0,12.0,4.333333333333333,3.0,0.0,109.1906,8053.0,72.3075
385,1.0,12.0,3.0,1.0,0.0,104.7426,8053.0,71.3367
386,1.0,12.0,2.2857142857142856,4.0,1.0,108.4013,8053.0,75.2591
387,1.0,12.0,2.7142857142857144,4.0,0.0,112.6884,8053.0,68.9785
388,1.0,12.0,3.3333333333333335,3.0,0.0,109.5385,8053.0,68.8767
389,1.0,12.0,2.4285714285714284,4.0,1.0,109.1689,8053.0,67.7253
390,1.0,13.0,2.2,3.0,0.0,107.5929,8053.0,75.4278
391,1.0,13.0,2.6666666666666665,2.0,0.0,106.6712,8053.0,68.715
392,1.0,13.0,2.2,4.0,0.0,106.3634,8053.0,71.4508
393,1.0,13.0,2.6666666666666665,2.0,0.0,105.6723,8053.0,72.2943
394,1.0,13.0,5.0,1.0,0.0,108.9479,8053.0,94.7661
395,1.0,13.0,2.1666666666666665,3.0,1.0,107.1544,8053.0,72.6131
396,1.0,13.0,2.0,3.0,0.0,106.6672,8053.0,69.6265
397,1.0,13.0,1.875,5.0,0.0,140.4302,8053.0,69.6355
398,1.0,13.0,4.0,1.0,0.0,119.3492,8053.0,73.5948
399,1.0,13.0,2.3333333333333335,2.0,0.0,134.1859,8053.0,82.7714
400,1.0,13.0,1.7777777777777777,4.0,1.0,106.3635,8053.0,68.2736
401,1.0,13.0,1.75,4.0,1.0,113.0243,8053.0,70.4603
402,1.0,13.0,1.6,5.0,1.0,113.0544,8053.0,70.8128
403,1.0,13.0,2.25,4.0,1.0,113.1119,8053.0,70.6036
404,1.0,13.0,1.3888888888888888,6.0,1.0,113.994,8053.0,70.9414
405,1.0,13.0,1.3846153846153846,5.0,1.0,109.5506,8053.0,73.512
406,1.0,13.0,2.3333333333333335,3.0,0.0,146.4754,8053.0,93.7846
407,1.0,13.0,2.6,3.0,0.0,118.1737,8053.0,71.8622
408,1.0,13.0,3.0,4.0,1.0,143.5888,8053.0,99.7809
409,1.0,13.0,2.0,5.0,1.0,110.5117,8053.0,67.7515
410,1.0,13.0,2.8,3.0,0.0,106.1507,8053.0,71.9318
411,1.0,13.0,1.4615384615384615,5.0,2.0,137.0389,8053.0,68.2175
412,1.0,13.0,3.0,1.0,0.0,108.4967,8053.0,85.7864
413,1.0,13.0,3.0,1.0,0.0,137.9721,8053.0,96.2566
414,1.0,13.0,1.6666666666666667,6.0,2.0,153.3568,8053.0,101.5685
415,1.0,13.0,2.25,4.0,0.0,127.9767,8053.0,105.6347
416,1.0,13.0,3.0,2.0,0.0,140.203,8053.0,77.6413
417,1.0,13.0,1.75,5.0,2.0,107.6942,8053.0,70.8079
418,1.0,13.0,3.2,3.0,1.0,106.3939,8053.0,69.6569
419,1.0,13.0,3.2,4.0,0.0,110.3604,8053.0,69.5458
420,1.0,14.0,3.2,4.0,0.0,105.2402,8053.0,67.8485
421,1.0,14.0,2.0,5.0,1.0,108.0779,8053.0,68.0851
422,1.0,14.0,2.2,3.0,0.0,108.1045,8053.0,68.6462
423,1.0,14.0,2.2222222222222223,5.0,1.0,108.9693,8053.0,68.9645
424,1.0,14.0,2.0,3.0,0.0,107.3487,8053.0,68.289
425,1.0,14.0,1.7777777777777777,4.0,0.0,112.1973,8053.0,67.9235
426,1.0,14.0,3.25,3.0,0.0,104.1732,8053.0,69.2023
427,1.0,14.0,4.333333333333333,3.0,0.0,106.0563,8053.0,70.6716
428,1.0,14.0,2.6666666666666665,2.0,0.0,105.1266,8053.0,70.1021
429,1.0,14.0,5.0,1.0,0.0,105.4575,8053.0,68.7327
430,1.0,14.0,1.4705882352941178,6.0,2.0,113.2118,8053.0,77.4808
431,1.0,14.0,4.0,1.0,0.0,108.4078,8053.0,84.6544
432,1.0,14.0,2.4285714285714284,5.0,1.0,115.9531,8053.0,94.6787
433,1.0,14.0,2.4,3.0,0.0,114.0312,8053.0,98.8241
434,1.0,14.0,3.0,1.0,0.0,106.684,8053.0,70.7751
435,1.0,14.0,1.3125,6.0,1.0,124.773,8053.0,73.7036
436,1.0,14.0,3.0,3.0,0.0,116.3096,8053.0,67.5023
437,1.0,14.0,2.5714285714285716,4.0,0.0,114.6946,8053.0,67.0685
438,1.0,14.0,1.8181818181818181,5.0,2.0,107.0137,8053.0,67.697
439,1.0,14.0,2.090909090909091,4.0,1.0,110.5005,8053.0,68.1258
440,1.0,14.0,2.1666666666666665,3.0,0.0,104.4194,8053.0,69.6011
441,1.0,14.0,2.5,2.0,0.0,117.8667,8053.0,78.5851
442,1.0,14.0,3.0,3.0,0.0,112.2346,8053.0,74.8457
443,1.0,14.0,2.6666666666666665,2.0,0.0,111.0817,8053.0,68.8325
444,1.0,14.0,2.2,3.0,1.0,108.3927,8053.0,83.7224
445,1.0,14.0,1.4615384615384615,5.0,1.0,108.6234,8053.0,68.6454
446,1.0,14.0,1.8,4.0,0.0,115.6209,8053.0,67.589
447,1.0,14.0,3.5,2.0,0.0,104.9788,8053.0,74.0875
448,1.0,14.0,3.0,3.0,0.0,109.5928,8053.0,69.6028
449,1.0,15.0,1.75,5.0,1.0,110.2918,8053.0,76.2958
450,1.0,15.0,3.0,4.0,1.0,115.2128,8053.0,73.9832
451,1.0,15.0,4.0,1.0,0.0,124.6947,8053.0,72.8918
452,1.0,15.0,4.0,1.0,0.0,110.8775,8053.0,77.9549
453,1.0,15.0,3.25,3.0,0.0,116.3439,8053.0,71.1963
454,1.0,15.0,2.0,4.0,0.0,113.6061,8053.0,72.5371
455,1.0,15.0,2.0,2.0,0.0,112.1311,8053.0,79.6565
456,1.0,15.0,2.142857142857143,5.0,0.0,105.6134,8053.0,71.4177
457,1.0,15.0,1.2222222222222223,5.0,2.0,112.8519,8053.0,75.552
458,1.0,15.0,2.6,4.0,0.0,105.8125,8053.0,69.1961
459,1.0,15.0,1.6666666666666667,3.0,0.0,129.5906,8053.0,68.6761
460,1.0,15.0,4.5,2.0,0.0,112.2,8053.0,78.3799
461,1.0,15.0,2.5,2.0,0.0,106.6896,8053.0,72.7703
462,1.0,15.0,2.5,2.0,0.0,127.2711,8053.0,82.1512
463,1.0,15.0,2.111111111111111,4.0,1.0,113.0344,8053.0,69.9475
464,1.0,15.0,2.375,4.0,0.0,116.2612,8053.0,70.6351
465,1.0,15.0,4.0,1.0,0.0,106.3832,8053.0,70.9206
466,1.0,15.0,4.0,1.0,0.0,104.9205,8053.0,67.8972
467,1.0,15.0,1.6,5.0,1.0,144.0544,8053.0,67.156
468,1.0,15.0,3.2,4.0,0.0,124.5633,8053.0,79.9864
469,1.0,15.0,3.5,2.0,0.0,106.6424,8053.0,68.6236
470,1.0,15.0,2.5714285714285716,4.0,0.0,126.1724,8053.0,79.254
471,1.0,15.0,4.0,2.0,0.0,104.3101,8053.0,86.8305
472,1.0,15.0,3.5,2.0,0.0,129.6246,8053.0,74.3373
473,1.0,15.0,2.6,3.0,0.0,117.057,8053.0,73.913
474,1.0,15.0,3.4,4.0,0.0,106.7595,8053.0,68.8675
475,1.0,15.0,1.8571428571428572,5.0,1.0,143.12,8053.0,69.6405
476,1.0,15.0,2.5,5.0,0.0,114.7307,8053.0,80.1864
477,1.0,15.0,2.25,3.0,0.0,112.7456,8053.0,69.5241
478,1.0,16.0,3.0,4.0,0.0,109.4653,8053.0,73.7129
479,1.0,16.0,2.6666666666666665,2.0,0.0,110.258,8053.0,70.7651
480,1.0,16.0,2.0,3.0,1.0,114.5828,8053.0,72.4202
481,1.0,16.0,4.0,1.0,0.0,111.5115,8053.0,71.8706
482,1.0,16.0,2.5,5.0,0.0,110.9408,8053.0,68.0902
483,1.0,16.0,4.0,1.0,0.0,108.7618,8053.0,68.7621
484,1.0,16.0,2.0,3.0,0.0,112.774,8053.0,69.7683
485,1.0,16.0,1.6666666666666667,5.0,1.0,113.6422,8053.0,69.889
486,1.0,16.0,4.0,1.0,0.0,110.2119,8053.0,68.6287
487,1.0,16.0,2.142857142857143,4.0,1.0,113.5322,8053.0,68.7592
488,1.0,16.0,2.25,4.0,1.0,111.0944,8053.0,69.985
489,1.0,16.0,1.4166666666666667,5.0,1.0,111.7177,8053.0,72.2107
490,1.0,16.0,3.5,2.0,0.0,109.1902,8053.0,68.1102
491,1.0,16.0,2.5714285714285716,5.0,0.0,109.3942,8053.0,73.7358
492,1.0,16.0,1.7777777777777777,5.0,1.0,109.8073,8053.0,72.3119
493,1.0,16.0,1.4166666666666667,6.0,2.0,111.0041,8053.0,68.7567
494,1.0,16.0,2.6666666666666665,2.0,0.0,109.5422,8053.0,73.2181
495,1.0,16.0,1.5333333333333334,6.0,2.0,113.4716,8053.0,67.7941
496,1.0,16.0,2.0,5.0,0.0,115.2352,8053.0,68.5133
497,1.0,16.0,1.75,4.0,1.0,112.6892,8053.0,68.7368
498,1.0,16.0,2.3333333333333335,4.0,0.0,109.7979,8053.0,69.6133
499,1.0,16.0,2.6666666666666665,3.0,0.0,109.2197,8053.0,70.6907
500,1.0,16.0,3.0,3.0,1.0,111.4653,8053.0,71.5224
501,1.0,16.0,1.6666666666666667,3.0,1.0,113.1643,8053.0,71.3089
502,1.0,16.0,1.7,4.0,1.0,112.5801,8053.0,71.8613
503,1.0,16.0,2.0,4.0,0.0,110.2278,8053.0,68.1099
504,1.0,16.0,3.3333333333333335,3.0,0.0,110.1821,8053.0,68.6532
505,1.0,16.0,1.5333333333333334,6.0,1.0,112.9825,8053.0,67.4134
506,1.0,16.0,1.8333333333333333,4.0,0.0,111.6775,8053.0,74.8081
507,1.0,17.0,2.0,3.0,0.0,110.5382,8053.0,67.8359
508,1.0,17.0,2.142857142857143,4.0,0.0,111.2588,8053.0,68.9139
509,1.0,17.0,1.7,5.0,0.0,110.7563,8053.0,68.8631
510,1.0,17.0,2.6666666666666665,3.0,1.0,108.7198,8053.0,69.8357
511,1.0,17.0,1.5714285714285714,5.0,1.0,110.9895,8053.0,73.2147
512,1.0,17.0,2.3333333333333335,2.0,0.0,111.2057,8053.0,70.2342
513,1.0,17.0,3.0,3.0,1.0,109.3353,8053.0,70.5683
514,1.0,17.0,3.3333333333333335,3.0,0.0,110.1363,8053.0,69.5689
515,1.0,17.0,2.3333333333333335,5.0,1.0,113.6469,8053.0,69.3802
516,1.0,17.0,1.8571428571428572,5.0,0.0,110.0343,8053.0,68.927
517,1.0,17.0,2.375,4.0,0.0,114.6579,8053.0,68.4749
518,1.0,17.0,3.0,1.0,0.0,112.9697,8053.0,69.2764
519,1.0,17.0,1.5,4.0,1.0,122.3233,8053.0,71.218
520,1.0,17.0,4.0,1.0,0.0,112.6978,8053.0,68.7957
521,1.0,17.0,1.7142857142857142,5.0,1.0,110.4357,8053.0,72.7001
522,1.0,17.0,2.0,4.0,1.0,112.0756,8053.0,69.6772
523,1.0,17.0,1.5384615384615385,5.0,1.0,111.0655,8053.0,72.8677
524,1.0,17.0,1.5,2.0,0.0,111.6507,8053.0,68.201
525,1.0,17.0,2.2,4.0,0.0,111.083,8053.0,69.6609
526,1.0,17.0,1.9,5.0,0.0,112.1997,8053.0,69.5107
527,1.0,17.0,2.3333333333333335,3.0,0.0,113.6334,8053.0,69.633
528,1.0,17.0,3.0,2.0,0.0,110.8743,8053.0,69.3365
529,1.0,17.0,1.3333333333333333,6.0,1.0,112.6916,8053.0,67.5963
530,1.0,17.0,4.0,1.0,0.0,111.2661,8053.0,69.8874
531,1.0,17.0,2.0,4.0,0.0,109.0945,8053.0,69.778
532,1.0,17.0,1.875,5.0,1.0,110.0334,8053.0,70.684
533,1.0,17.0,2.5,2.0,0.0,111.0842,8053.0,71.2456
534,1.0,17.0,2.125,4.0,1.0,114.0083,8053.0,73.6619
535,1.0,18.0,1.8571428571428572,3.0,1.0,7319.1093,8053.0,71.9782
536,1.0,18.0,2.6666666666666665,3.0,0.0,109.9475,8053.0,69.4837
537,1.0,18.0,3.0,1.0,0.0,108.4136,8053.0,68.0065
538,1.0,18.0,2.3333333333333335,3.0,0.0,108.7794,8053.0,67.3917
539,1.0,18.0,2.3333333333333335,3.0,0.0,109.7557,8053.0,67.5424
540,1.0,18.0,3.0,3.0,0.0,109.0556,8053.0,67.7517
541,1.0,18.0,2.6666666666666665,2.0,0.0,111.812,8053.0,68.1113
542,1.0,18.0,2.2,5.0,0.0,108.4345,8053.0,69.4133
543,1.0,18.0,1.6363636363636365,5.0,1.0,110.4024,8053.0,68.7174
544,1.0,18.0,1.7272727272727273,5.0,1.0,110.6638,8053.0,71.2788
545,1.0,18.0,1.875,5.0,0.0,110.615,8053.0,66.9296
546,1.0,18.0,2.111111111111111,5.0,1.0,110.9373,8053.0,71.1852
547,1.0,18.0,5.0,1.0,0.0,109.224,8053.0,69.3024
548,1.0,18.0,3.0,2.0,0.0,114.1961,8053.0,69.7312
549,1.0,18.0,2.0,4.0,1.0,113.8404,8053.0,68.6237
550,1.0,18.0,3.0,4.0,0.0,111.4514,8053.0,68.6106
551,1.0,18.0,2.5,3.0,0.0,109.0779,8053.0,68.3134
552,1.0,18.0,3.0,3.0,1.0,110.3833,8053.0,70.8149
553,1.0,18.0,1.875,4.0,0.0,133.2162,8053.0,69.678
554,1.0,18.0,1.2727272727272727,6.0,2.0,108.4515,8053.0,69.3954
555,1.0,18.0,3.0,1.0,0.0,106.8931,8053.0,68.6384
556,1.0,18.0,1.875,5.0,0.0,112.0427,8053.0,66.8917
557,1.0,18.0,1.75,4.0,0.0,112.5403,8053.0,67.9431
558,1.0,18.0,2.4,5.0,0.0,112.5331,8053.0,67.4064
559,1.0,18.0,2.8,4.0,0.0,111.6505,8053.0,67.1982
560,1.0,18.0,1.75,4.0,1.0,109.8136,8053.0,66.2409
561,1.0,18.0,2.0,4.0,1.0,108.0186,8053.0,69.5469
562,1.0,18.0,2.25,4.0,1.0,109.539,8053.0,71.014
563,1.0,19.0,3.0,3.0,0.0,108.4614,8053.0,71.3929
564,1.0,19.0,1.6,3.0,1.0,112.5341,8053.0,69.5736
565,1.0,19.0,1.7,7.0,0.0,116.9636,8053.0,69.9011
566,1.0,19.0,4.0,1.0,0.0,3431.056,8053.0,70.7233
567,1.0,19.0,1.5,5.0,2.0,126.8983,8053.0,72.563
568,1.0,19.0,2.3333333333333335,5.0,1.0,349.2213,8053.0,108.1959
569,1.0,19.0,2.1666666666666665,5.0,0.0,116.4301,8053.0,69.8942
570,1.0,19.0,1.75,3.0,0.0,112.1714,8053.0,70.8191
571,1.0,19.0,2.5,2.0,0.0,110.5774,8053.0,112.212
572,1.0,19.0,3.0,1.0,0.0,138.7091,8053.0,91.9493
573,1.0,19.0,2.3333333333333335,2.0,0.0,120.7256,8053.0,75.2022
574,1.0,19.0,1.6666666666666667,5.0,0.0,121.9244,8053.0,67.9085
575,1.0,19.0,1.4444444444444444,5.0,1.0,129.3233,8053.0,72.3422
576,1.0,19.0,3.0,1.0,0.0,114.8857,8053.0,72.7489
577,1.0,19.0,2.0,5.0,1.0,124.3467,8053.0,78.1075
578,1.0,19.0,3.0,2.0,0.0,119.9316,8053.0,70.2219
579,1.0,19.0,5.0,1.0,0.0,109.4519,8053.0,66.5513
580,1.0,19.0,2.5,2.0,0.0,115.7208,8053.0,69.3912
581,1.0,19.0,3.0,2.0,0.0,103.3422,8053.0,69.3925
582,1.0,19.0,1.6,5.0,0.0,107.1908,8053.0,67.4508
583,1.0,19.0,2.5,2.0,0.0,115.0877,8053.0,70.0258
584,1.0,19.0,1.875,4.0,0.0,109.4994,8053.0,70.9554
585,1.0,19.0,1.7142857142857142,5.0,1.0,104.2931,8053.0,65.9612
586,1.0,19.0,1.3846153846153846,6.0,2.0,110.514,8053.0,68.5814
587,1.0,19.0,2.3333333333333335,4.0,1.0,110.2224,8053.0,70.1353
588,1.0,19.0,2.75,4.0,0.0,109.9206,8053.0,70.9801
589,1.0,19.0,2.0,2.0,0.0,112.0376,8053.0,69.3803
590,1.0,19.0,2.0,3.0,0.0,106.5705,8053.0,74.2053
591,1.0,20.0,1.6666666666666667,3.0,1.0,116.9523,8053.0,70.5327
592,1.0,20.0,3.0,1.0,0.0,123.7799,8053.0,102.2313
593,1.0,20.0,1.75,5.0,1.0,177.7067,8053.0,83.9917
594,1.0,20.0,1.6666666666666667,5.0,1.0,122.3747,8053.0,78.7317
595,1.0,20.0,1.4,3.0,1.0,122.5331,8053.0,76.2439
596,1.0,20.0,2.5,4.0,0.0,126.2715,8053.0,68.0358
597,1.0,20.0,4.0,1.0,0.0,117.6347,8053.0,70.8696
598,1.0,20.0,1.8,5.0,1.0,112.9474,8053.0,69.8709
599,1.0,20.0,2.5,2.0,0.0,105.3493,8053.0,71.1577
600,1.0,20.0,2.75,4.0,0.0,109.76,8053.0,71.6471
601,1.0,20.0,2.0,3.0,0.0,106.1409,8053.0,70.8737
602,1.0,20.0,2.2,5.0,1.0,113.9748,8053.0,69.3134
603,1.0,20.0,2.0,3.0,0.0,109.8411,8053.0,77.5393
604,1.0,20.0,1.7142857142857142,5.0,0.0,106.7592,8053.0,69.2654
605,1.0,20.0,1.8571428571428572,4.0,0.0,110.8191,8053.0,70.1707
606,1.0,20.0,3.5,2.0,0.0,111.7657,8053.0,69.5802
607,1.0,20.0,2.0,4.0,0.0,112.288,8053.0,70.5343
608,1.0,20.0,2.25,3.0,0.0,110.4867,8053.0,72.161
609,1.0,20.0,5.0,1.0,0.0,109.6393,8053.0,69.3223
610,1.0,20.0,2.2,5.0,0.0,111.0052,8053.0,70.9576
611,1.0,20.0,2.6666666666666665,2.0,0.0,106.5369,8053.0,73.9354
612,1.0,20.0,1.5555555555555556,6.0,1.0,110.8713,8053.0,72.331
613,1.0,20.0,1.4444444444444444,5.0,0.0,109.5475,8053.0,71.9567
614,1.0,20.0,3.0,3.0,0.0,111.1686,8053.0,70.3083
615,1.0,21.0,2.5,4.0,0.0,107.9263,8053.0,69.5461
616,1.0,21.0,2.3333333333333335,3.0,1.0,107.8574,8053.0,73.6222
617,1.0,21.0,2.0,4.0,1.0,109.0198,8053.0,69.8609
618,1.0,21.0,1.3636363636363635,7.0,1.0,108.9596,8053.0,74.8614
619,1.0,21.0,3.5,2.0,0.0,125.6396,8053.0,74.0175
620,1.0,21.0,2.2,4.0,1.0,122.0561,8053.0,79.4082
621,1.0,21.0,2.6,5.0,0.0,156.5085,8053.0,84.2752
622,1.0,21.0,2.4,4.0,0.0,153.5714,8053.0,83.262
623,1.0,21.0,2.25,3.0,0.0,127.9514,8053.0,101.5923
624,1.0,21.0,2.2,4.0,0.0,139.5455,8053.0,72.1459
625,1.0,21.0,1.5,4.0,1.0,121.2391,8053.0,75.3844
626,1.0,21.0,2.3333333333333335,6.0,0.0,115.1241,8053.0,69.8664
627,1.0,21.0,3.0,2.0,0.0,112.4177,8053.0,72.9506
628,1.0,21.0,3.0,1.0,0.0,112.2135,8053.0,71.1407
629,1.0,21.0,1.5,5.0,1.0,122.7095,8053.0,71.2059
630,1.0,21.0,2.0,5.0,0.0,121.0459,8053.0,71.5071
631,1.0,21.0,2.0,1.0,0.0,102.4125,8053.0,67.8908
632,1.0,21.0,3.0,2.0,0.0,105.0282,8053.0,68.312
633,1.0,21.0,2.4,5.0,1.0,105.8486,8053.0,74.0687
634,1.0,21.0,3.6666666666666665,3.0,0.0,103.6693,8053.0,72.326
635,1.0,21.0,2.0,1.0,0.0,122.4124,8053.0,74.189
636,1.0,21.0,1.2727272727272727,7.0,0.0,113.8262,8053.0,73.4268
637,1.0,21.0,4.0,1.0,0.0,107.4503,8053.0,71.7503
638,1.0,21.0,1.7142857142857142,4.0,0.0,115.084,8053.0,67.5354
639,1.0,21.0,2.0,2.0,0.0,107.0924,8053.0,69.5032
640,1.0,21.0,1.5714285714285714,4.0,0.0,108.8095,8053.0,71.9068
641,1.0,21.0,2.0,5.0,1.0,106.453,8053.0,76.0259
642,1.0,21.0,1.6666666666666667,3.0,0.0,123.4263,8053.0,81.7208
643,1.0,22.0,2.0,1.0,0.0,115.6744,8053.0,102.4459
644,1.0,22.0,3.0,3.0,0.0,115.9855,8053.0,67.1187
645,1.0,22.0,2.0,2.0,0.0,104.8345,8053.0,69.0288
646,1.0,22.0,2.6,4.0,1.0,106.054,8053.0,68.1379
647,1.0,22.0,2.0,3.0,0.0,105.4944,8053.0,68.7269
648,1.0,22.0,1.5555555555555556,5.0,0.0,114.9835,8053.0,67.8302
649,1.0,22.0,3.0,1.0,0.0,108.4689,8053.0,66.4058
650,1.0,22.0,2.6666666666666665,3.0,0.0,103.8016,8053.0,73.5495
651,1.0,22.0,2.75,4.0,0.0,116.7167,8053.0,83.2961
652,1.0,22.0,3.0,1.0,0.0,100.7514,8053.0,67.4181
653,1.0,22.0,2.25,4.0,0.0,103.8577,8053.0,69.2137
654,1.0,22.0,2.3333333333333335,5.0,0.0,105.9624,8053.0,68.68
655,1.0,22.0,2.25,4.0,0.0,105.9938,8053.0,68.2984
656,1.0,22.0,3.0,1.0,0.0,106.0728,8053.0,68.8506
657,1.0,22.0,1.7142857142857142,5.0,0.0,107.6466,8053.0,67.3641
658,1.0,22.0,1.5,9.0,1.0,111.6911,8053.0,72.5619
659,1.0,22.0,2.2,4.0,1.0,107.4813,8053.0,69.6381
660,1.0,22.0,2.75,4.0,0.0,107.9607,8053.0,72.1689
661,1.0,22.0,1.8,4.0,0.0,107.5073,8053.0,68.9038
662,1.0,22.0,2.0,3.0,0.0,108.8823,8053.0,69.3557
663,1.0,22.0,1.75,4.0,0.0,111.7977,8053.0,69.6317
664,1.0,22.0,1.8333333333333333,6.0,1.0,106.5123,8053.0,70.1881
665,1.0,22.0,3.5,2.0,0.0,109.8986,8053.0,69.8877
666,1.0,22.0,1.8333333333333333,5.0,0.0,107.0237,8053.0,69.5996
667,1.0,22.0,2.3333333333333335,3.0,0.0,108.2735,8053.0,71.1723
668,1.0,23.0,1.5,5.0,0.0,108.9847,8053.0,70.8303
669,1.0,23.0,2.2,5.0,0.0,107.8767,8053.0,69.6188
670,1.0,23.0,2.5,4.0,0.0,111.3157,8053.0,72.7188
671,1.0,23.0,1.625,6.0,0.0,106.9418,8053.0,69.7637
672,1.0,23.0,1.4285714285714286,5.0,0.0,129.5997,8053.0,69.9736
673,1.0,23.0,2.6666666666666665,3.0,0.0,105.3482,8053.0,67.4135
674,1.0,23.0,1.75,3.0,0.0,122.2908,8053.0,66.371
675,1.0,23.0,1.25,7.0,0.0,109.9088,8053.0,67.3794
676,1.0,23.0,4.0,1.0,0.0,107.5427,8053.0,72.4932
677,1.0,23.0,2.25,4.0,0.0,112.5011,8053.0,73.0452
678,1.0,23.0,2.0,4.0,0.0,152.3822,8053.0,85.0896
679,1.0,23.0,3.0,1.0,0.0,144.9086,8053.0,68.1361
680,1.0,23.0,1.7142857142857142,5.0,1.0,103.7208,8053.0,67.9125
681,1.0,23.0,1.75,4.0,1.0,105.5626,8053.0,69.7041
682,1.0,23.0,1.3,7.0,1.0,105.5435,8053.0,70.9006
683,1.0,23.0,1.5714285714285714,5.0,0.0,115.0415,8053.0,71.7474
684,1.0,23.0,2.5,2.0,0.0,107.6562,8053.0,66.6468
685,1.0,23.0,2.5,2.0,0.0,102.5455,8053.0,66.0964
686,1.0,23.0,4.0,1.0,0.0,116.9244,8053.0,68.5361
687,1.0,23.0,2.3333333333333335,2.0,0.0,124.9772,8053.0,65.9547
688,1.0,23.0,2.5,2.0,0.0,100.3359,8053.0,91.0586
689,1.0,23.0,1.75,3.0,0.0,111.0757,8053.0,70.0626
690,1.0,23.0,4.0,2.0,0.0,101.2823,8053.0,69.5067
691,1.0,23.0,3.0,1.0,0.0,101.3292,8053.0,94.4906
692,1.0,23.0,1.0,5.0,0.0,114.2715,8053.0,72.7058
693,1.0,23.0,1.5,4.0,0.0,116.5869,8053.0,69.5281
694,1.0,24.0,1.5,5.0,1.0,139.5051,8053.0,67.6984
695,1.0,24.0,3.0,1.0,0.0,111.3043,8053.0,69.5929
696,1.0,24.0,2.0,3.0,0.0,106.7377,8053.0,69.8165
697,1.0,24.0,1.625,5.0,0.0,109.3824,8053.0,67.6379
698,1.0,24.0,1.6666666666666667,5.0,0.0,107.5573,8053.0,67.9599
699,1.0,24.0,3.0,1.0,0.0,141.3069,8053.0,67.7725
700,1.0,24.0,1.6,5.0,0.0,111.7083,8053.0,69.5604
701,1.0,24.0,1.5714285714285714,5.0,0.0,115.3745,8053.0,90.0417
702,1.0,24.0,2.5,4.0,0.0,158.851,8053.0,79.873
703,1.0,24.0,3.0,1.0,0.0,107.3684,8053.0,72.4951
704,1.0,24.0,1.6666666666666667,4.0,0.0,102.4203,8053.0,68.4038
705,1.0,24.0,2.5,2.0,0.0,124.4761,8053.0,73.1003
706,1.0,24.0,1.6666666666666667,3.0,0.0,107.5403,8053.0,67.5024
707,1.0,24.0,2.5,4.0,0.0,110.2516,8053.0,68.0541
708,1.0,24.0,1.8333333333333333,5.0,0.0,116.2855,8053.0,67.6285
709,1.0,24.0,2.0,2.0,0.0,110.3096,8053.0,71.207
710,1.0,24.0,2.6666666666666665,3.0,0.0,111.569,8053.0,76.7002
711,1.0,24.0,1.6666666666666667,3.0,0.0,110.339,8053.0,68.319
712,1.0,24.0,2.5,2.0,0.0,109.0505,8053.0,69.1767
713,1.0,24.0,1.8333333333333333,4.0,1.0,108.9906,8053.0,67.2173
714,1.0,25.0,2.3333333333333335,3.0,0.0,108.899,8053.0,68.8452
715,1.0,25.0,1.5,4.0,0.0,107.5472,8053.0,66.6471
716,1.0,25.0,2.0,3.0,0.0,110.0562,8053.0,68.5398
717,1.0,25.0,1.5,2.0,0.0,108.8998,8053.0,67.0732
718,1.0,25.0,3.0,2.0,0.0,106.3875,8053.0,68.8075
719,1.0,25.0,1.6666666666666667,6.0,1.0,106.9041,8053.0,67.3557
720,1.0,25.0,2.5,2.0,0.0,108.4016,8053.0,69.4276
721,1.0,25.0,1.6,5.0,1.0,111.9401,8053.0,68.3728
722,1.0,25.0,1.2857142857142858,5.0,1.0,110.778,8053.0,68.9845
723,1.0,25.0,3.0,1.0,0.0,107.1965,8053.0,68.8375
724,1.0,25.0,3.0,1.0,0.0,109.0914,8053.0,66.9714
725,1.0,25.0,1.375,6.0,1.0,111.2122,8053.0,68.454
726,1.0,25.0,3.0,1.0,0.0,113.3869,8053.0,67.5555
727,1.0,25.0,1.75,4.0,0.0,110.3032,8053.0,68.1389
728,1.0,25.0,1.75,4.0,0.0,109.043,8053.0,67.7976
729,1.0,26.0,1.0,9.0,1.0,109.0397,8053.0,82.5955
730,1.0,26.0,2.0,5.0,1.0,110.8627,8053.0,66.0008
731,1.0,26.0,3.0,1.0,0.0,107.2972,8053.0,67.9763
732,1.0,26.0,2.5,2.0,0.0,107.6374,8053.0,66.5172
733,1.0,26.0,2.0,1.0,0.0,109.0898,8053.0,66.7607
734,1.0,26.0,1.4285714285714286,6.0,1.0,109.099,8053.0,67.7007
735,1.0,26.0,1.0909090909090908,5.0,1.0,111.6094,8053.0,68.0493
736,1.0,26.0,2.0,2.0,0.0,108.3321,8053.0,67.716
737,1.0,26.0,1.4285714285714286,4.0,0.0,111.856,8053.0,69.6761
738,1.0,26.0,3.0,1.0,0.0,107.7376,8053.0,66.748
739,1.0,26.0,2.5,2.0,0.0,107.3071,8053.0,68.6904
740,1.0,27.0,1.0,1.0,0.0,106.6398,8053.0,68.2983
741,1.0,27.0,1.5,2.0,0.0,108.8299,8053.0,67.7897
742,1.0,27.0,2.0,3.0,0.0,109.0946,8053.0,69.9909
743,1.0,27.0,2.0,3.0,0.0,108.6898,8053.0,67.9385
744,1.0,27.0,1.3333333333333333,2.0,0.0,106.1245,8053.0,74.229
745,1.0,27.0,1.0,3.0,0.0,106.0345,8053.0,66.8522
746,1.0,27.0,2.0,1.0,0.0,106.8424,8053.0,66.977
747,1.0,27.0,4.0,1.0,0.0,104.6008,8053.0,69.2595
748,1.0,27.0,2.0,2.0,0.0,106.4756,8053.0,67.4447
749,1.0,27.0,1.8,5.0,0.0,110.0594,8053.0,65.942
750,1.0,27.0,2.0,2.0,0.0,110.892,8053.0,66.7046
751,1.0,27.0,1.0,1.0,0.0,106.2284,8053.0,70.6585
752,1.0,27.0,1.8,5.0,0.0,108.947,8053.0,68.5058
753,1.0,28.0,1.5,2.0,0.0,104.2845,8053.0,68.501
754,1.0,28.0,2.5,2.0,0.0,106.8658,8053.0,68.8712
755,1.0,28.0,1.3333333333333333,3.0,0.0,111.0563,8053.0,67.4387
756,1.0,28.0,1.25,4.0,0.0,108.4514,8053.0,69.7492
757,1.0,28.0,1.5,4.0,1.0,108.4678,8053.0,68.9025
758,1.0,28.0,1.6,4.0,0.0,109.6362,8053.0,66.3397
759,1.0,28.0,1.3333333333333333,3.0,0.0,110.2291,8053.0,67.1929
760,1.0,28.0,2.0,2.0,0.0,107.9308,8053.0,68.3924
761,1.0,28.0,1.0,7.0,0.0,111.2724,8053.0,67.0924
762,1.0,28.0,2.0,2.0,0.0,105.6613,8053.0,67.1355
763,1.0,28.0,1.75,4.0,0.0,107.2197,8053.0,70.4157
764,1.0,28.0,2.0,1.0,0.0,101.902,8053.0,68.9608
765,1.0,28.0,3.0,1.0,0.0,104.8715,8053.0,66.0188
766,1.0,28.0,2.0,1.0,0.0,100.7507,8053.0,66.8585
767,1.0,29.0,2.5,2.0,0.0,104.2198,8053.0,67.1285
768,1.0,29.0,2.0,2.0,0.0,104.952,8053.0,66.1746
769,1.0,29.0,2.0,1.0,0.0,102.5836,8053.0,66.641
770,1.0,29.0,1.5,2.0,0.0,105.9887,8053.0,66.3904
771,1.0,29.0,1.0,1.0,0.0,105.0755,8053.0,65.9348
772,1.0,29.0,1.1666666666666667,5.0,0.0,102.9048,8053.0,67.3713
773,1.0,29.0,1.6,5.0,0.0,105.9076,8053.0,67.0638
774,1.0,30.0,1.0,1.0,0.0,102.6634,8053.0,66.3728
775,1.0,30.0,2.0,3.0,0.0,114.3421,8053.0,85.9973
776,1.0,30.0,1.5,2.0,0.0,107.7023,8053.0,66.8409
777,1.0,30.0,2.0,1.0,0.0,108.5399,8053.0,68.7195
778,1.0,30.0,2.5,2.0,0.0,110.2611,8053.0,67.946
779,1.0,30.0,1.4,5.0,0.0,112.8606,8053.0,69.215
780,1.0,30.0,3.0,1.0,0.0,176.6864,8053.0,67.1137
781,1.0,31.0,1.6666666666666667,3.0,0.0,109.434,8053.0,71.6349
782,1.0,31.0,2.0,1.0,0.0,102.3093,8053.0,67.7389
783,1.0,31.0,1.0,1.0,0.0,103.6181,8053.0,68.3724
784,1.0,31.0,2.0,2.0,0.0,104.8987,8053.0,69.625
785,1.0,31.0,2.0,1.0,0.0,102.2181,8053.0,70.7078
786,1.0,31.0,1.2,5.0,0.0,105.9465,8053.0,67.4659
787,1.0,32.0,2.0,1.0,0.0,105.5372,8053.0,66.9671
788,1.0,32.0,1.0,1.0,0.0,101.8021,8053.0,66.4209
789,1.0,32.0,3.0,1.0,0.0,104.0264,8053.0,68.6005
790,1.0,32.0,2.0,1.0,0.0,109.4494,8053.0,69.1637
791,1.0,32.0,1.0,3.0,0.0,134.4635,8053.0,67.3066
792,1.0,32.0,1.5,2.0,0.0,108.8052,8053.0,69.6131
793,1.0,33.0,1.0,2.0,0.0,105.4866,8053.0,68.1262
794,1.0,33.0,1.3333333333333333,3.0,0.0,108.7173,8053.0,66.6922
795,1.0,33.0,2.0,1.0,0.0,106.9773,8053.0,69.2288
796,1.0,34.0,1.0,2.0,0.0,103.6998,8053.0,68.6195
797,1.0,34.0,1.0,1.0,0.0,103.3254,8053.0,66.6887
798,1.0,34.0,1.0,1.0,0.0,105.3149,8053.0,66.9352
799,1.0,34.0,1.0,1.0,0.0,103.4709,8053.0,67.7138
800,1.0,35.0,1.0,2.0,0.0,102.2924,8053.0,67.1111
801,1.0,35.0,1.0,1.0,0.0,105.4935,8053.0,70.1502
802,1.0,35.0,1.0,1.0,0.0,101.7198,8053.0,66.1478
803,1.0,35.0,1.0,1.0,0.0,107.4331,8053.0,66.3759
804,1.0,36.0,1.0,1.0,0.0,106.7311,8053.0,71.204
805,1.0,36.0,1.0,1.0,0.0,103.6438,8053.0,66.5073
806,1.0,36.0,1.0,1.0,0.0,102.496,8053.0,72.3458
807,1.0,36.0,1.0,1.0,0.0,103.7694,8053.0,67.4167
